title,author,date
3 things to know about Trump's plan to send troops to Portland and Memphis,Kat Lonsdorf,2025-09-29
NPR-Ipsos poll: Americans don't broadly support Trump's National Guard deployments,Debbie Elliott,2025-09-27
Schools to close Monday in Michigan community that experienced deadly church attack,"Joe Hernandez, Chris Arnold",2025-09-28
Top congressional leaders head to the White House ahead of shutdown deadline,Barbara Sprunt,2025-09-29
Tropical Storm Imelda expected to batter parts of the southeastern U.S. this week,"Alana Wise, Joe Hernandez",2025-09-28
Ryder Cup MC steps down over foul-mouthed chant aimed at golfer Rory McIlroy,Chandelis Duster,2025-09-28
Latin superstar Bad Bunny will headline the 2026 Super Bowl halftime show,NPR Staff,2025-09-29
Suspect held after allegedly firing from boat into waterfront bar in North Carolina,Chris Arnold,2025-09-28
Savor your coffee; someone probably lost sleep over it,Nic Neves,2023-07-09
Hundreds of Israeli soldiers were badly wounded in Gaza. Here's what saved them,Daniel Estrin,2025-09-29
Prone to winter depression? Starting light therapy now can help,Allison Aubrey,2025-09-29
Scared of spiders? Some former arachnophobes now are keeping jumping spiders as pets,Alina Hartounian,2025-09-29
Neglected form of diabetes with unusual symptoms finally gets its own name,Jonathan Lambert,2025-09-29
"DACA has bipartisan support in Congress. Still, Republicans are following Trump's lead",Ximena Bustillo,2025-09-28
'I want his name to be known': Wife of immigrant injured at ICE facility shooting speaks out,Sergio Martínez-Beltrán,2025-09-27
Trump administration fires more immigration judges,Ximena Bustillo,2025-09-23
Georgia senators demand answers on more than a dozen deaths in immigration detention,Ximena Bustillo,2025-09-23
Watch NPR's news roundup,,2025-02-18
"Marc Maron, Human Rights Watch and others slam Saudi comedy festival",Chloe Veltman,2025-09-27
"Moldova's pro-EU party wins clear parliamentary majority, defeating pro-Russian groups",The Associated Press,2025-09-29
